Price,Close,High,Low,Open,Volume
Ticker,GE,GE,GE,GE,GE
Date,,,,,
2023-01-03,52.3413200378418,52.40907099545996,51.454387782701396,51.76850860167661,10280781
2023-01-04,55.387813568115234,55.387813568115234,52.66576352179378,53.975501084554324,21031104
2023-01-05,56.2478141784668,56.45295644620821,54.44100393156675,55.151104819087266,16001061
2023-01-06,56.76066970825195,57.068379358277326,55.821757971841755,56.81590003223344,13018044
2023-01-09,57.336639404296875,58.3149987074462,56.77645041157028,56.808008442626594,9488844
2023-01-10,59.388038635253906,59.466937482826694,56.96580894191046,56.96580894191046,11597142
2023-01-11,61.29741668701172,61.30530619419416,59.57739475426594,59.82198456202142,12729603
2023-01-12,62.22055435180664,62.49670599842534,60.981822353082016,61.44733351254976,14407871
2023-01-13,63.27781677246094,63.59341973394529,61.936513614341195,62.15743493312514,13843395
2023-01-17,63.50662612915039,63.64075531047407,62.930654320489296,63.056893993649865,10640727
2023-01-18,62.544044494628906,64.05103103311241,62.44147334808672,63.86167529857739,9816378
2023-01-19,60.64255142211914,62.133762692177875,60.49263945868823,61.494671070359765,13045860
2023-01-20,61.289527893066406,61.34475821526117,59.703635106516714,61.21851855632313,10351409
2023-01-23,62.93854522705078,63.13579424933732,61.17907550059775,61.23430583024206,13729748
2023-01-24,63.67230987548828,63.79066003404031,61.12384048402811,61.542010792826936,16767395
2023-01-25,63.743324279785156,64.18515934946556,62.67028332333175,62.94643118470083,10652380
2023-01-26,64.01947021484375,64.36663117935785,63.21469140735669,64.28772856024771,8158534
2023-01-27,65.6684799194336,66.26812018672594,63.83010403852351,63.9090066540396,9760244
2023-01-30,63.77488708496094,65.28976322448447,63.64864740666731,65.0215048509294,7175806
2023-01-31,63.49873352050781,63.83800498260823,62.70184043708825,63.47506499717416,8625026
2023-02-01,64.95049285888672,65.06884301700603,63.127899669594214,63.33303818373927,9112192
2023-02-02,66.22866821289062,66.29968132443963,64.61911059576649,64.8479214031962,10391129
2023-02-03,64.66645050048828,66.03142589774177,64.55598984572353,65.88940721091585,7240085
2023-02-06,64.97415924072266,65.04516480772396,64.0983711165222,64.27983733029791,5425114
2023-02-07,64.78479766845703,64.98993995247282,63.54606954181234,64.68222652644913,5891982
2023-02-08,64.66645050048828,65.1714167262203,64.14571280127637,64.45342624152475,4269472
2023-02-09,63.743324279785156,65.19508424277201,63.46716887586551,64.96627342876316,4838334
2023-02-10,64.1378173828125,64.18515442654203,63.435605978857936,63.75909840532633,4373095
2023-02-13,65.23453521728516,65.42389850179845,63.97213846236645,64.06681256207213,5114245
2023-02-14,65.91307830810547,66.12610257538513,64.66645302496572,64.80058220901255,6726731
2023-02-15,66.88353729248047,66.8993163065603,65.045161471384,65.17929817616208,7305617
2023-02-16,66.3154525756836,66.7020610337306,65.47122255635463,65.96829165135073,5645893
2023-02-17,65.51856994628906,66.13399682474089,64.87948208642067,65.95252305589084,5543523
2023-02-21,64.90314483642578,65.78682999299242,64.54809438085168,64.80847074897935,5101965
2023-02-22,65.63690948486328,66.53637359043832,64.77690045539819,64.82424503822024,10829053
2023-02-23,65.4396743774414,66.59949992612533,64.61911275485409,65.87361994125014,10120732
2023-02-24,65.92095947265625,66.10242568367417,64.42185502781466,64.50864715093627,8704340
2023-02-27,66.14978790283203,66.95456311976876,65.87363244520672,66.27602759622712,8007297
2023-02-28,66.8362045288086,67.5778711195853,65.84995563398621,65.97619531150225,11441143
2023-03-01,66.386474609375,67.3490549018843,66.07876117736197,66.79675164284188,7512988
2023-03-02,67.63308715820312,67.64097666541122,65.78682933326262,65.96040603439039,8546337
2023-03-03,68.15382385253906,68.67456903375131,67.18335413909551,67.77510488418912,9618780
2023-03-06,68.7540283203125,69.35422447672734,68.2880856732815,68.42233918266535,8084105
2023-03-07,68.22490692138672,69.1646890829953,67.99588399715222,68.67505594829882,8643445
2023-03-08,68.69084930419922,69.03043527835263,67.97219324827314,68.52500850265572,7598067
2023-03-09,72.30781555175781,74.97710715076019,70.89419399238683,71.04424869109366,35826152
2023-03-10,71.86557006835938,74.39271157457421,71.69972926168491,72.57632932475194,23152683
2023-03-13,70.26241302490234,71.65234416989507,69.22786903700973,70.83891872821279,14201502
2023-03-14,71.99983215332031,73.50821572683653,71.23378758419992,71.99983215332031,14218418
2023-03-15,70.88629913330078,70.88629913330078,68.27229275872105,70.2782061492366,15107797
2023-03-16,72.63160705566406,72.73427327749137,69.94652184443211,70.60199573057905,10183883
2023-03-17,71.30486297607422,72.52104898033234,70.56251645914186,72.48946169438864,12765689
2023-03-20,71.01265716552734,72.0472087148934,70.60989662546729,71.57336923268512,8705343
2023-03-21,72.79744720458984,73.4766190971386,71.83397466143748,71.84976830318858,8553980
2023-03-22,70.75204467773438,73.12913883349049,70.72045739315082,73.04226625134352,8784783
2023-03-23,72.33149719238281,73.40553266771532,71.49438896776103,71.57335716845675,10834691
2023-03-24,72.15776824951172,72.93170200633386,71.32854919603537,71.52598482051995,8342975
2023-03-27,73.68984985351562,73.950460046775,72.74217093290542,72.87642444005292,7524516
2023-03-28,73.55558013916016,74.02941954369324,73.09754192438056,73.71353164036532,5023152
2023-03-29,74.28215789794922,74.56645858768593,73.97415919278195,74.21107895074354,6162254
2023-03-30,74.27425384521484,74.4795863162076,73.88728691876159,74.19528562525072,6623107
2023-03-31,75.49834442138672,75.55362217545076,74.47958643631942,74.65333161960673,9247391
2023-04-03,76.54077911376953,76.55657275650661,75.30879948485332,75.61679816685358,6199468
2023-04-04,75.06398010253906,77.29102708608343,74.7638858027269,76.57237107129805,8554983
2023-04-05,74.43220520019531,75.27721799852327,73.96626250538695,75.0087109522231,10642230
2023-04-06,73.91888427734375,74.54277098405349,73.87149579420604,74.32954168379199,8025340
2023-04-10,74.51907348632812,75.01660344030047,73.92677412456521,74.10051174756246,7499832
2023-04-11,74.1636962890625,74.99290787304331,74.13999827418472,74.63752824439034,6663078
2023-04-12,74.31373596191406,74.76388495607681,74.0847130543415,74.44009264717388,8768118
2023-04-13,74.47167205810547,74.77967069248267,73.8161982381547,74.53485416882691,11044694
2023-04-14,75.3719711303711,75.5299150853337,74.08470638123293,74.12419048258825,7211767
2023-04-17,76.42232513427734,76.4855072596381,75.40357470287196,75.51413776009603,7676003
2023-04-18,77.76486206054688,77.8043537170027,76.49339832251155,76.60396137141147,8909832
2023-04-19,78.20711517333984,78.42824127373298,77.72537886517713,77.85173555832428,7038101
2023-04-20,78.78361511230469,79.34431959410922,78.23079990185447,78.42033870244938,8661237
2023-04-21,78.58618927001953,79.0363383152922,78.28609493953302,78.95736254695963,5112741
2023-04-24,79.09160614013672,79.58123923334095,78.64146470091286,78.64146470091286,7833505
2023-04-25,77.74117279052734,80.56051925646744,77.03831037941832,80.51313077790105,11649768
2023-04-26,75.9800796508789,77.74907344865815,75.88531023861215,77.57533581745486,8032357
2023-04-27,77.44107818603516,77.54374441474722,76.2880667553212,76.61975590588114,9348633
2023-04-28,78.15973663330078,78.75203600976263,76.50919520092425,76.70663084292579,6279159
2023-05-01,79.905029296875,80.55261388875086,78.4756141617985,78.57038355933422,7408237
2023-05-02,80.1656494140625,80.57631433776977,79.1232085605898,79.45489016876238,7485046
2023-05-03,80.37097930908203,81.30286462976373,80.00770287638912,80.45785189394451,5917543
2023-05-04,78.4361343383789,80.35518265763844,76.92775091433501,80.14985021003062,9055431
2023-05-05,79.16268157958984,80.36307379689387,78.77571472456692,79.4311885769901,6302841
2023-05-08,79.69971466064453,79.8497618221418,79.14689939520368,79.14689939520368,4282128
2023-05-09,79.76289367675781,80.47365296496584,79.5812516688734,79.5812516688734,6520737
2023-05-10,78.60987091064453,80.29199947562343,77.75696139666641,80.14195232722497,5053224
2023-05-11,78.58618927001953,78.95736254695963,78.04127836219928,78.4993242293509,5117628
2023-05-12,78.0254898071289,78.97316134121064,77.1646757698376,78.64147970157656,4332874
2023-05-15,80.55262756347656,80.79744414477152,78.19922361460789,78.29399302823178,7973716
2023-05-16,79.86555480957031,80.73425803423467,79.67601599167791,79.94453057528258,5523851
2023-05-17,81.71350860595703,81.80038117658958,80.19722855241359,80.44994189467083,6871703
2023-05-18,82.13996887207031,82.35319056891758,80.33938060725544,81.25546460543337,5772320
2023-05-19,82.33741760253906,83.53781008048973,82.00573596880939,82.5427500802142,7230687
2023-05-22,82.56643676757812,83.6641629564439,82.21105713381212,82.21105713381212,4996087
2023-05-23,80.3156967163086,82.24264181261934,79.9840075891874,82.02151572787189,5738239
2023-05-24,79.7470932006836,80.13406010012328,78.9020804592554,79.98401294312299,6275400
2023-05-25,80.17353820800781,80.62368719486678,79.39960446704147,80.07877635775702,6737506
2023-05-26,81.13701629638672,82.09259208142275,80.2051385250757,80.22882898925825,6796523
2023-05-30,80.86849975585938,81.39761692518987,79.49436994996819,81.35813282286418,7098370
2023-05-31,80.18143463134766,80.426251175699,78.74413019804184,80.01559384468904,13358734
2023-06-01,82.66119384765625,83.05605753197251,79.81815720167891,79.92872024121415,7797043
2023-06-02,83.55359649658203,84.27225255672916,82.55853658239143,83.31667675038973,7477278
2023-06-05,82.21105194091797,83.55359462271745,82.21105194091797,83.55359462271745,5108732
2023-06-06,83.28507995605469,83.79840349768803,82.21104439923397,82.39268637369787,7794036
2023-06-07,83.77471923828125,84.76188229129298,83.42723645450533,84.2169714266401,9121088
2023-06-08,83.7668228149414,84.67501765973343,83.41934002951487,83.58518837570841,4477596
2023-06-09,83.94847106933594,84.14589916588606,82.98499840359742,83.94057424745564,4365076
2023-06-12,83.89318084716797,84.41440880841698,83.4351350067992,83.95636296804821,4677449
2023-06-13,84.29594421386719,84.6197289729141,83.56148701642552,83.73523217695306,5411582
2023-06-14,82.68488311767578,84.34332113725178,82.10048064557003,84.28013902291039,6429268
2023-06-15,83.24560546875,83.42723991465348,82.12418885837761,82.47956092860368,8733159
2023-06-16,83.9405746459961,86.0017735087673,83.66416323024488,83.67206005216266,13731752
2023-06-20,82.14787292480469,83.87738240991237,81.66613664772024,83.7747161878144,8068443
2023-06-21,82.96129608154297,83.46673040335678,81.80039537952156,81.84777630834355,5983576
2023-06-22,82.7796630859375,83.54570007921218,82.63751274744291,82.6533063906598,5292046
2023-06-23,81.95833587646484,82.42427852158886,81.05804542029831,81.41342501999246,7532911
2023-06-26,82.48746490478516,83.00868532479996,81.6266509602468,81.76090447602206,5326378
2023-06-27,82.85862731933594,83.08764266364912,82.4163751726451,82.62960442548115,5973427
2023-06-28,84.54076385498047,84.79347723449725,82.89811933857908,83.15083271809587,6009012
2023-06-29,85.0856704711914,85.15674940855561,83.74312787847612,83.8852782036626,4070746
2023-06-30,86.75200653076172,87.07579883936157,85.76484351255426,86.07283462966214,9250648
2023-07-03,85.51213836669922,86.34134994607552,84.74609381165594,86.12812820970197,3723916
2023-07-05,85.80432891845703,86.07283593476136,85.10146654377523,85.4647429627582,4588235
2023-07-06,84.79348754882812,85.8833169616401,84.39071941722716,85.2989143693421,4594375
2023-07-07,85.50424194335938,85.97807389826383,84.45389670189559,84.61184068686373,4843847
2023-07-10,87.35357666015625,87.51164499451725,85.64649606801069,85.67810671283272,5805400
2023-07-11,87.8989028930664,88.14390051416191,87.11648650481328,87.51164980732283,4746113
2023-07-12,87.8830795288086,88.49162212580335,87.63808195800713,87.95420346896911,5403938
2023-07-13,87.94629669189453,88.3730705333761,87.58275168272,87.92258871295088,3477075
2023-07-14,87.15599060058594,87.89888598259026,86.95840898734302,87.72501234970663,3405529
2023-07-17,87.83565521240234,88.6338767527929,87.05324654702751,87.26663347581128,4557412
2023-07-18,87.7724380493164,88.38098066930078,87.34566417173342,87.6459879291297,4476718
2023-07-19,86.84777069091797,87.57486080710395,86.01003576964935,87.19551042758843,5604920
2023-07-20,87.91470336914062,88.38889326190679,86.90310229397303,86.9663235836083,5158852
2023-07-21,87.19551849365234,88.42050656846587,86.79246009471792,88.07276679962757,10277106
2023-07-24,87.13227844238281,87.70920282396072,86.98211279705866,87.25082589361953,6687261
2023-07-25,92.59337615966797,93.22562685013605,89.80356290504723,90.4911322255638,21329067
2023-07-26,90.66500091552734,92.77513984022599,89.6613025272545,92.57756576004742,9449750
2023-07-27,91.21821594238281,92.67239620494271,90.8309628941169,91.32886074976238,7752311
2023-07-28,90.4041976928711,91.55805419148919,90.11177657138467,91.30515393000782,5600785
2023-07-31,90.28564453125,90.68870288099005,89.87467596590746,90.44370529592996,5169252
2023-08-01,89.4795150756836,90.25402108823478,88.72871704318767,89.85096276192235,6595040
2023-08-02,88.49163055419922,89.70081320333962,88.46001991111712,89.28194196200175,5377375
2023-08-03,88.79985046386719,89.44001132445051,88.15969715840897,88.38098677279888,4347409
2023-08-04,89.35306549072266,89.99321873163673,88.35726988149536,89.16338653890587,6118274
2023-08-07,90.67291259765625,90.87048669749163,89.73243540383159,89.73243540383159,4140914
2023-08-08,89.7403335571289,90.75193465622682,89.40049645192394,90.40420244475612,4735463
2023-08-09,88.64968872070312,90.04064763695705,88.49953061534896,90.01693210021708,3900213
2023-08-10,89.75611877441406,90.91788528996155,88.87096801097842,88.87096801097842,5853515
2023-08-11,90.5701675415039,91.19451557843965,89.66130857903754,89.73243253285732,4463437
2023-08-14,91.32096099853516,91.5580559425992,90.25403375024699,90.49112869431102,4916020
2023-08-15,89.9774169921875,90.61757025857669,89.6771007875048,90.60966759819686,4276614
2023-08-16,89.75611877441406,91.15498018884374,89.67709217820261,89.88256888347631,4614924
2023-08-17,87.69340515136719,90.40419144671154,87.67759983050728,90.08015970370907,5734981
2023-08-18,88.349365234375,88.46001002792558,86.95050377277973,87.17179335988088,5651281
2023-08-21,88.53114318847656,88.89468824654618,87.74083178665127,88.54694850989807,3686075
2023-08-22,88.24662017822266,89.34515786233601,87.59855675815652,88.6338731652628,3308421
2023-08-23,89.6771011352539,89.90629339740693,88.12017881777024,88.12017881777024,3568043
2023-08-24,87.75663757324219,90.06435806038945,87.74083225173689,89.46371806756345,4211960
2023-08-25,88.49163055419922,88.80775209527023,87.10857425785724,88.08066197363188,3903596
2023-08-28,90.0643539428711,90.31725418564376,88.63388175054003,88.95001083156818,3524313
2023-08-29,91.14708709716797,91.41579266274145,89.24242504655206,89.83516235597868,5833091
2023-08-30,90.3409652709961,91.34466361618315,90.05645437688202,90.76773916729212,6086573
2023-08-31,90.45951080322266,90.83886117231084,89.94580765061104,90.5543502842759,5218620
2023-09-01,90.28564453125,91.2498295505348,89.72451786170525,90.90208982413908,4435119
2023-09-05,89.21080780029297,90.24611668368735,88.76032596745387,89.850961025032,4406550
2023-09-06,89.05274200439453,90.15128730794609,88.46001227725611,89.18710233614854,5018014
2023-09-07,88.349365234375,89.42418742008198,88.04904149327368,88.68919471979015,4139035
2023-09-08,88.29405212402344,88.53904972703722,87.8988964058037,88.12018602564684,3170967
2023-09-11,90.30146026611328,90.3330709116698,88.61018495708171,88.71292711026597,5272499
2023-09-12,90.88629150390625,92.32466648314977,90.09597250938084,90.29355414679353,5275255
2023-09-13,89.77982330322266,91.17078200457948,89.02112267800455,90.64127360981503,3508651
2023-09-14,91.39998626708984,92.63287683415008,90.34886444338322,90.38837774517212,6637768
2023-09-15,91.27354431152344,91.60547874161884,90.254033038043,91.2182181289449,8437076
2023-09-18,92.12708282470703,92.80674943886093,90.8230606676659,91.50273483694495,4700880
2023-09-19,91.84255981445312,92.21400749377909,91.06014360132028,91.69239416664914,3882045
2023-09-20,90.76773834228516,92.99642462121318,90.7440228053871,92.09546842795766,5134919
2023-09-21,89.2977523803711,90.36467964141382,88.5627595560112,90.05646074352119,5760292
2023-09-22,87.92259979248047,89.46371683463252,87.78034434576834,89.22662190507066,6249463
2023-09-25,88.35758972167969,88.54740519285926,87.49552687457675,87.5667095664096,4741101
2023-09-26,86.94190979003906,88.53159366237199,86.79955195862958,87.78815599067804,6022043
2023-09-27,87.70115661621094,88.27058789287786,87.1159010835816,87.49552445488018,5912656
2023-09-28,88.84793090820312,89.36200372684289,87.65369485588876,87.83560196558187,5518337
2023-09-29,87.43224334716797,89.17219311501727,86.92607889127045,89.07728538939617,4924165
2023-10-02,86.0403060913086,87.9463390408183,85.49459224428374,87.3531751029924,5389278
2023-10-03,85.2256851196289,86.98936006739835,84.65624628169589,85.66067448592919,8624900
2023-10-04,86.0877456665039,86.372468858219,84.90933384382437,85.39177328362203,4876551
2023-10-05,85.98493957519531,86.3250212389152,84.76697831298921,85.7081322593928,4819539
2023-10-06,88.15986633300781,88.49994797687042,85.37595395900843,85.69231055899826,5284026
2023-10-09,87.20289611816406,87.89886848387408,86.63345730934543,87.79605240833835,5418473
2023-10-10,88.16778564453125,89.36201427727951,87.66952190116125,87.95424512031016,5707039
2023-10-11,89.57555389404297,89.68627832916322,88.42877536248926,88.57904153852306,3580573
2023-10-12,88.04914093017578,89.95516601170384,87.5983348980252,89.76535811855085,3861746
2023-10-13,86.50692749023438,88.15987058031196,85.93748860704349,88.02542109799344,4578337
2023-10-16,86.31710815429688,87.7248848224482,85.407595212038,86.91027205601445,5616698
2023-10-17,87.0130844116211,87.54297394618581,85.46294998559777,86.00866377601736,4916647
2023-10-18,85.0754165649414,86.66509269735185,84.94887544457008,86.2221949957714,6080433
2023-10-19,84.58506774902344,86.28546828613494,84.36361890092826,85.15450656404508,5035055
2023-10-20,83.8969955444336,84.81442431962236,83.46201375940149,84.38734332136235,9714760
2023-10-23,84.37944030761719,85.6527674749886,83.99190858209091,84.21335744255221,7300229
2023-10-24,89.86027526855469,90.86469595167097,85.66858619794941,87.8277012976981,15904078
2023-10-25,87.94632720947266,90.42179115782305,87.85932782747878,90.42179115782305,8224191
2023-10-26,86.04820251464844,88.83211468210254,84.60088421904467,88.39712533445972,9738191
2023-10-27,84.11054229736328,86.87072961492754,83.62019448397612,86.39619849738357,6677237
2023-10-30,86.84701538085938,87.37690499980896,84.95679902333312,85.03589007295547,5611435
2023-10-31,85.91374969482422,86.79953748971006,85.48666871122491,86.609729599658,6349452
2023-11-01,84.82233428955078,85.67648874184871,83.69928090164385,85.65276369939409,12703791
2023-11-02,85.24150085449219,86.38828686514556,84.90933513328936,86.11147957728927,9398127
2023-11-03,86.14312744140625,86.56229261742862,85.48668911520423,85.85049584857882,6941620
2023-11-06,88.40503692626953,88.48412796344218,85.84257351228061,86.43573738967089,6131806
2023-11-07,88.42086029052734,89.31455649115046,87.6774226939496,88.07287031526334,5237415
2023-11-08,90.04217529296875,90.20034981475033,88.57113182688215,88.73721469672469,6065021
2023-11-09,89.44110107421875,90.76978668547997,89.31455994745873,90.43761339252416,5786605
2023-11-10,91.16521453857422,91.3945717176811,89.52018011125168,89.94725352159618,4382618
2023-11-13,91.36295318603516,92.1854743137193,90.72233918607373,91.06241327605574,5753776
2023-11-14,92.7311782836914,92.97635219025777,91.40249266737013,92.13801438706922,6007634
2023-11-15,91.97984313964844,92.9289054079997,91.52112870187035,92.5018243630167,5245309
2023-11-16,94.0677719116211,94.08359616796156,91.98774788720219,92.20919674922436,5825072
2023-11-17,94.85074615478516,94.96937892727946,94.06776683209809,94.37621506480794,5186418
2023-11-20,94.96147155761719,95.49136108528583,94.62138993155688,94.85074713144495,5190678
2023-11-21,94.8191146850586,95.10383032058589,94.14685977379024,94.74793199589588,3506019
2023-11-22,94.58975219726562,95.29364045969041,94.39993674381303,94.82701773380069,3773785
2023-11-24,94.88237762451172,95.1829175036774,94.65302043162676,94.89028597181387,1981995
2023-11-27,94.88237762451172,95.15918490120951,94.36830480762683,94.66883712623104,3984415
2023-11-28,93.99659729003906,94.99310961397747,93.76724007888465,94.88238518236629,4378107
2023-11-29,94.0045166015625,94.66885570814819,93.6802516168426,94.52649786820575,3792831
2023-11-30,96.32969665527344,96.36133004472754,94.03613226918213,94.15476504019654,10174611
2023-12-01,96.88333892822266,97.47650290669091,96.0687260563845,96.25062564414777,5668572
2023-12-04,96.11616516113281,96.81214515770343,95.82354116014133,96.33761402918367,4747116
2023-12-05,95.0880126953125,95.83935107545548,94.89819723310966,95.70490160662918,3688206
2023-12-06,94.75584411621094,96.94659258493155,94.6688447283397,95.76026478873142,3964241
2023-12-07,94.4948501586914,94.92192361382556,93.45878857063917,94.51066685400433,5064626
2023-12-08,95.37274169921875,95.55464883937982,94.09942196034234,94.19432214418697,4925418
2023-12-11,95.12755584716797,95.62581199215519,94.62139135451821,95.37272974583031,4643869
2023-12-12,96.74095916748047,96.86749272295175,95.3885410666443,95.68908094257279,4664543
2023-12-13,95.83936309814453,96.77260871001754,95.31738185244868,96.59070157254011,5506309
2023-12-14,95.97380065917969,96.80423007632831,94.82702221872988,95.7998094524202,10454155
2023-12-15,97.46066284179688,97.8086528234316,96.35342611508378,96.812140525446,13586279
2023-12-18,97.78492736816406,97.94310188258166,97.35785391106798,97.80865241124242,5206215
2023-12-19,99.60395812988281,99.63559908038478,97.83238244536206,97.83238244536206,5957138
2023-12-20,97.57139587402344,99.82541882539383,97.4527630871092,99.20062149712888,6231921
2023-12-21,100.4185791015625,100.48184588664516,98.21992222981922,98.25155562236054,5185165
2023-12-22,100.19712829589844,101.25691497060838,99.79377986710615,100.75075045748187,4030650
2023-12-26,100.81401824951172,101.00383372411342,100.15758755759168,100.28412868713876,2480063
2023-12-27,101.45502471923828,101.62121186535258,100.38665932627993,100.4262258931383,3314310
2023-12-28,101.55000305175781,102.24642009580293,101.14639376481963,101.29676186579776,3965494
2023-12-29,101.00395202636719,101.67662916424035,100.4737296829759,101.48669448180476,4441133
2024-01-02,99.67443084716797,101.41547353261252,99.11255525133089,100.513295148948,5189425
2024-01-03,98.1787109375,99.0967082665123,97.85424238600541,99.01757513100824,4531850
2024-01-04,98.65354919433594,99.53198003735967,98.26577409834438,98.36864718407497,4364199
2024-01-05,99.94349670410156,99.98306327318585,98.70893653026658,98.84347043046273,4190157
2024-01-08,101.51834869384766,101.6370635454676,98.2974328993353,99.88810750975831,6920068
2024-01-09,101.9140396118164,101.9140396118164,100.46581230409004,100.71905349355268,4815028
2024-01-10,102.6421127319336,103.01406121196811,101.70036777735905,101.85072831922187,4571320
2024-01-11,102.7449951171875,103.03780289129007,101.14639963572519,102.9744963737805,5014005
2024-01-12,102.71333312988281,103.51263086156183,102.23059067809783,103.35435700426997,5640380
2024-01-16,101.27301788330078,102.76081935924664,100.6953156632054,102.2464236551901,6314619
2024-01-17,100.41041564941406,101.83490307244536,99.86436667643831,100.8377649024476,5031171
2024-01-18,101.73201751708984,101.82698485378037,100.3233643565355,100.66365200126901,6508082
2024-01-19,102.72915649414062,102.91908358980567,100.85358008692741,101.85071814377012,6154611
2024-01-22,103.85291290283203,104.67595047383718,103.08527609229851,103.10110271948774,10052443
2024-01-23,102.83993530273438,104.36730309572876,100.109675818412,101.00393316505401,13333800
2024-01-24,102.8241195678711,103.18815470869458,100.07011228698173,103.09318737515154,10785198
2024-01-25,102.8241195678711,104.85796988113292,102.63419246609479,103.3860026898001,6086573
2024-01-26,103.82125854492188,104.65220185538006,103.18814807222618,103.29894202668247,4696495
2024-01-29,103.75003051757812,104.57306807475454,102.6341852317021,103.98744505204614,6126544
2024-01-30,105.9896469116211,106.26663561139664,103.84501010014783,104.05076383974294,7871346
2024-01-31,104.79466247558594,106.41699018476727,104.55724792640723,105.8630203815804,6253472
2024-02-01,107.16089630126953,107.20047043974151,104.83423805846962,105.27741393912117,6190572
2024-02-02,108.0551528930664,108.74364903857186,106.86808013831939,107.17671451536775,6103864
2024-02-05,108.98107147216797,109.71705512028318,107.42996346479356,107.61198483083167,7158013
2024-02-06,108.87818908691406,109.51921294984129,108.08681224929232,108.95732979680032,6026178
2024-02-07,109.60625457763672,109.86741663915676,109.15517297750544,109.7012219122522,5807655
2024-02-08,110.04151916503906,110.38181437398714,109.4084161979903,109.72496389885968,4327110
2024-02-09,110.22354125976562,110.34224097440197,109.37675610621264,110.0098666428001,4324604
2024-02-12,110.92786407470703,111.44226733141713,109.92281263483741,110.42929501192731,4516313
2024-02-13,112.1940689086914,112.20989553608811,109.75661698341031,110.65878770218846,9054930
2024-02-14,115.93730926513672,116.25385696676788,112.65307957752567,113.16747526665884,13116028
2024-02-15,117.41719055175781,117.82870559257279,116.16681123535338,116.3329984014823,8627532
2024-02-16,118.0423812866211,118.99203953672831,117.52798558958305,117.87619411897637,8616756
2024-02-20,117.61502838134766,118.976201546035,116.9819178981964,117.93157605761388,7166032
2024-02-21,117.97115325927734,118.22439443300028,116.85530035375548,117.49632416721943,5304826
2024-02-22,120.02874755859375,120.48774247328394,118.58843360566107,118.58843360566107,5753024
2024-02-23,121.3424301147461,121.71438612953136,120.21867145241404,120.28989884287093,7066168
2024-02-26,122.48202514648438,122.80649371829372,121.52445362445783,121.60359433022616,7705449
2024-02-27,121.86475372314453,122.67195718012869,121.16042335289183,122.65613055140076,7300354
2024-02-28,123.14678192138672,124.17558083988513,121.73021548223183,121.99928329165255,7633025
2024-02-29,124.15975189208984,124.38925312681097,122.74317791409045,123.44750824612288,8177329
2024-03-01,125.5525894165039,126.08281932334764,124.14393619373227,124.24680928393818,8698201
2024-03-04,127.42024993896484,128.0216920990786,125.49719348050003,126.12238314930053,8402242
2024-03-05,124.9273910522461,128.32242218710314,123.91442632736276,127.82385313874278,8003663
2024-03-06,126.22526550292969,127.39651171171974,125.41014114551592,125.90871022438067,8198755
2024-03-07,131.76492309570312,131.94694444667607,127.86341723908352,128.2353581243385,14393838
2024-03-08,132.92034912109375,139.13267912598837,132.43760668647403,134.14698849343728,21242234
2024-03-11,131.81240844726562,133.28437568272926,128.97926037593197,132.23184436411,9338609
2024-03-12,132.524658203125,132.79372603081853,129.7310765748912,132.51674488850523,6928589
2024-03-13,134.66139221191406,135.3657226200315,130.98147387553936,130.98147387553936,8462887
2024-03-14,131.96278381347656,135.12830638847697,131.07643204545295,134.7326103926191,9460777
2024-03-15,133.6563262939453,134.93044549070316,130.49080402158043,131.09224614193866,13263757
2024-03-18,134.46353149414062,135.12829526543854,133.41100020421695,133.71172126839235,6228788
2024-03-19,137.27293395996094,137.64487483536914,133.74336908203807,134.3843928851275,9360787
2024-03-20,137.64488220214844,138.31755929611535,136.1254351030809,136.60026421286696,7229434
2024-03-21,139.78952026367188,140.11398125963285,136.98011230120926,138.1909249639952,7890893
2024-03-22,138.61038208007812,140.47013215017031,138.55498887507454,139.52047382762294,6842132
2024-03-25,137.2966766357422,138.89525682251778,136.74269927252698,138.2225948817738,6288181
2024-03-26,137.3441619873047,138.53123476914405,136.4340703327912,137.29668210215507,5056983
2024-03-27,142.5435028076172,142.73343744639442,138.23840340216466,138.50747116934187,12606433
2024-03-28,138.91107177734375,142.4248098025489,137.96141366948387,142.40898317612576,12122274
2024-04-01,138.7765655517578,139.30678787496083,136.95638220453657,138.96650022696164,7399592
2024-04-02,135.32369995117188,143.29616004738398,132.8645353383502,139.3495949208151,20490400
2024-04-03,144.39683532714844,146.69735535726792,136.85075620464792,136.98957964573304,16208500
2024-04-04,146.15196228027344,150.7133295461265,144.98188123165454,145.41817263801835,11880200
2024-04-05,154.9871063232422,155.15567653290725,147.28236892852078,147.28236892852078,14768500
2024-04-08,155.2052764892578,156.6232575943177,152.40895650133336,156.1472937074481,9588800
2024-04-09,153.1923370361328,156.54393578848666,149.66222722978944,154.81856093609372,8808800
2024-04-10,155.2945098876953,156.4645908757699,150.37616617613304,150.61415567416006,8075400
2024-04-11,156.35552978515625,157.1091557051582,153.45014813644966,155.75066812080516,6063200
2024-04-12,153.60391235351562,155.9383091480996,152.01452355749404,154.86547398441527,6846900
2024-04-15,152.6800994873047,157.63699311297628,151.67680693787625,156.156874756113,6423700
2024-04-16,155.7197723388672,155.97805674131556,150.99136402735485,151.68671596176324,6187200
2024-04-17,154.6370086669922,157.62702955808282,152.61055229660047,156.95154915379737,6519900
2024-04-18,151.9251251220703,156.95154561334266,151.86552569451135,155.64029757690554,6186600
2024-04-19,147.0775146484375,152.51121853828496,145.80600956727935,152.43174757602054,9563800
2024-04-22,149.19337463378906,150.90196230486956,147.84239868822624,147.84239868822624,7322800
2024-04-23,161.5408935546875,162.56405754536374,151.8059357854391,156.78268534661785,19250900
2024-04-24,158.13365173339844,161.26274294609777,154.52773478430802,160.79586055267424,10416000
2024-04-25,160.18992614746094,160.4084675123206,156.07739843402237,157.04096304521173,5908200
2024-04-26,161.27268981933594,162.28591042689263,159.2462182891519,159.9415702230247,5898000
2024-04-29,163.39849853515625,164.96801594202302,161.91838027713683,161.91838027713683,5371700
2024-04-30,160.74620056152344,165.15672483444354,160.50778769912182,162.4746445519476,6723600
2024-05-01,158.6402587890625,162.21637595135033,157.76610860525247,161.49122433366284,4775800
2024-05-02,161.56076049804688,161.73957394439464,158.36212641065308,160.31905518951,5030400
2024-05-03,163.02101135253906,164.2031172619202,160.9349403174505,164.2031172619202,3968600
2024-05-06,166.8553924560547,166.86532064173304,163.93489916786308,164.02429831157457,4831600
2024-05-07,167.66001892089844,169.66661897416634,166.11037309744754,166.69645437419499,4781800
2024-05-08,167.73948669433594,169.06066295654875,166.98453532630094,166.98453532630094,4878200
2024-05-09,166.3885040283203,168.21629052431558,166.02096412356443,167.640137467582,4968800
2024-05-10,162.29586791992188,167.62030129677404,162.02765530863834,166.79580708989258,5711300
2024-05-13,158.4416046142578,162.02765031559042,157.8058520735177,161.99785059942576,7768600
2024-05-14,158.9382781982422,159.75284414962516,156.9813494353235,157.58730222725572,6103500
2024-05-15,162.38526916503906,162.65348177978103,158.17339892507303,158.9382937076514,7133300
2024-05-16,160.05084228515625,162.83226520233606,160.0210425704126,161.91837191594786,4283200
2024-05-17,158.82899475097656,160.8057948837848,158.04424373480626,160.74619545945976,5946300
2024-05-20,158.2230682373047,160.3488672833312,157.76612913670706,158.85882079805458,5586800
2024-05-21,159.931640625,160.15018196764942,156.31579544325794,156.89194851410315,5071300
2024-05-22,159.74288940429688,160.666725962301,158.67005428413125,159.4250207525076,4432200
2024-05-23,164.1633758544922,165.16668348055015,160.67667267994332,160.9150855644349,7411500
2024-05-24,166.2196502685547,168.02756541405685,162.7627467459477,164.7296038173835,5498700
2024-05-28,167.44146728515625,167.53086642543244,164.21303363210288,165.8918215568962,5749700
2024-05-29,162.51438903808594,166.31896058206246,162.30577588695667,165.49448163542834,4820800
2024-05-30,163.11041259765625,163.9249785871342,162.1071201263214,162.39518909971233,4385400
2024-05-31,164.04415893554688,164.25277208120806,159.00781045996706,163.1997933254181,11704800
2024-06-03,160.3885955810547,165.68321359941342,157.9747126151804,165.01766138282363,5220500
2024-06-04,160.30914306640625,160.9051525797016,157.29925030953058,159.93165976437663,5598600
2024-06-05,161.47137451171875,161.85878599325045,159.45484613893362,160.7561509831161,4279900
2024-06-06,159.55416870117188,162.08725069268746,158.69987479855388,161.2230286038021,3867300
2024-06-07,160.8455352783203,162.71306489245927,159.03762025067255,159.63362969776657,3341800
2024-06-10,161.75942993164062,162.81239360557285,160.4879249113222,160.9250076040946,4385900
2024-06-11,159.29588317871094,161.1832690893038,158.5508600312346,160.95479956818744,5106400
2024-06-12,159.98130798339844,161.85876572145642,158.12370661598268,160.18990597788553,5790700
2024-06-13,154.65687561035156,159.56409721170604,153.15688595892505,159.52435415525858,8080900
2024-06-14,154.8456268310547,155.56085031608546,152.20327424233187,153.19663850959284,6247400
2024-06-17,162.14683532714844,166.38850473678704,154.41846300630525,155.10388673460565,9564800
2024-06-18,163.87530517578125,164.09384652823923,161.28262381938043,162.3157159930161,5105300
2024-06-20,163.9050750732422,165.19645142350768,161.9680181266105,163.87527536310427,4957200
2024-06-21,163.150146484375,163.82562688471285,160.22965322489435,163.40841572729207,17196600
2024-06-24,159.4746856689453,163.66668390202565,158.1435812481187,163.01107503466343,5519000
2024-06-25,158.67007446289062,162.5640606771137,157.36876966274005,158.52107588178035,6842500
2024-06-26,159.5740203857422,159.95150362246406,156.47472901170613,157.51776442644038,3998000
2024-06-27,159.43495178222656,160.7759994957451,158.54093007823727,159.7329640694012,3339700
2024-06-28,157.9151153564453,160.54752454461803,156.8522083378962,159.19654856412257,8641200
2024-07-01,157.9151153564453,160.3289831979544,155.01449357781533,159.60383154268075,4435100
2024-07-02,160.37864685058594,161.8587649633797,157.1998844462137,157.76610931509637,5247300
2024-07-03,161.9183807373047,163.39849899953055,160.468062191446,160.80581757283423,2577300
2024-07-05,159.43495178222656,162.1567751073708,158.60052950416528,162.1567751073708,4668300
2024-07-08,162.44483947753906,162.69318051693574,159.58394585327864,159.73295957143714,3453300
2024-07-09,162.04751586914062,164.48125526389407,161.94817338056473,162.89186639189333,3829900
2024-07-10,164.60044860839844,164.8885327210935,161.46141402803056,162.0673668099526,3904600
2024-07-11,161.11778259277344,164.85914860285905,160.98842180545964,164.37158597349043,4553800
2024-07-12,158.22219848632812,161.4959070769788,158.01324740882603,161.0779897387834,5983400
2024-07-15,158.76947021484375,159.95357688360363,157.81423496123602,159.8043261199745,5383300
2024-07-16,162.04318237304688,163.0581179552775,158.85902429981763,159.08789572019498,6500700
2024-07-17,155.88385009765625,161.14763473417216,155.73458414510108,160.849118012253,6041200
2024-07-18,158.00328063964844,159.64511495315506,155.64502747856417,156.59031774096403,5274800
2024-07-19,158.3416290283203,159.64513648188705,156.83910028577543,158.86900204108866,5459800
2024-07-22,161.95362854003906,162.13274465673587,158.9784516900793,159.17745778837084,6350500
2024-07-23,171.14784240722656,176.32207646662084,163.804401054621,165.17756883488144,16428000
2024-07-24,161.49591064453125,172.01353517943448,161.2471492341679,170.65032750926457,7335200
2024-07-25,163.8541717529297,167.36668181974295,161.11779610872608,162.49096401789342,8791500
2024-07-26,168.9687042236328,171.7647801506896,165.28703825010757,166.42138971618166,7297700
2024-07-29,169.02841186523438,171.8742432362651,167.56569343986448,170.40157981962884,4886600
2024-07-30,166.65025329589844,173.86433478155132,166.44130219683302,169.6353904623755,5329500
2024-07-31,169.35675048828125,170.89907413575142,167.12785816148175,170.02342918840006,5568800
2024-08-01,168.90899658203125,173.83446943983216,167.386577974769,169.9040422172715,6112900
2024-08-02,159.4859161376953,166.60048648736165,157.57543030484607,164.74971614760696,8210700
2024-08-05,157.57542419433594,159.1077877607891,149.45584833219635,151.7345112930699,7064800
2024-08-06,161.466064453125,164.63030238268115,158.96849011453133,159.13764605574738,5056700
2024-08-07,161.32676696777344,165.44625562913066,160.76954379552302,163.60541497926732,4307500
2024-08-08,164.78952026367188,165.5059543878893,162.74967352619703,163.66511375532096,3842700
2024-08-09,166.30198669433594,167.04827094238706,163.7546722236321,164.63030208344162,2770100
2024-08-12,166.04327392578125,167.94381488908715,163.80442106268478,166.7995183878927,3173700
2024-08-13,167.1278839111328,167.79456271396782,165.4263490686788,166.928862622842,2942400
2024-08-14,167.117919921875,168.34182186432318,164.7994616515839,167.66519808579645,4456000
2024-08-15,169.09805297851562,169.90403749133085,167.3865733188525,167.91394627620545,4162500
2024-08-16,168.58062744140625,169.48612260130702,168.02340432244924,169.2075110418285,3305600
2024-08-19,170.08316040039062,170.1528208898571,167.18758884728115,168.76970792386962,4506000
2024-08-20,169.1478271484375,170.06326738744553,168.35178753702402,170.06326738744553,2573900
2024-08-21,170.35182189941406,171.33692261470154,169.00851930568666,169.2572807322872,4102900
2024-08-22,168.83935546875,171.1279637289882,167.93387537603093,170.88916246637797,2996600
2024-08-23,170.37171936035156,170.53093031014234,168.01346600144404,169.15776243878258,4058000
2024-08-26,170.37171936035156,171.07819327736138,168.73984508297568,169.69508041533666,3707300
2024-08-27,170.14285278320312,170.65032057377115,168.75974000512235,169.85428105632235,3206000
2024-08-28,171.01849365234375,172.31205605399205,169.44631967904095,170.35181487851398,4578700
2024-08-29,172.72003173828125,175.0981903169194,171.63543558613745,171.76478120055233,4262500
2024-08-30,173.75486755371094,173.9538888314204,170.91899654465252,173.09814896012176,5295600
2024-09-03,163.39645385742188,173.88422839138212,162.78947539991543,173.32700525331555,6099600
2024-09-04,165.53579711914062,165.7945035255952,162.59045527578695,162.6899659153728,4112400
2024-09-05,163.03823852539062,165.17758063503751,161.70486579308675,163.9636237072813,3144200
2024-09-06,160.43121337890625,165.2173807492684,159.7943847405394,163.6949620484353,3954900
2024-09-09,164.5308074951172,165.55570331986004,162.10289363266895,162.6800219428568,3716000
2024-09-10,166.1527099609375,166.8989941605972,163.43623972546973,166.6203826073795,3473200
2024-09-11,165.52584838867188,165.90395540753326,161.42625002479036,165.4163927608772,4258000
2024-09-12,168.8592529296875,170.1229652250429,165.4064431222027,165.6850547046632,5150100
2024-09-13,177.39674377441406,178.43159979096083,168.37168729312668,168.57069339378808,7360800
2024-09-16,180.5410919189453,180.62069739590618,175.38674736387327,177.834566435045,6844600
2024-09-17,179.4365997314453,181.52618667104912,178.10324208667055,180.61074641419512,5936900
2024-09-18,182.64064025878906,184.84964291519424,179.53608736743476,180.30227680347969,5686500
2024-09-19,185.23770141601562,187.05863677325243,183.3670107397565,186.7203097138157,5021500
2024-09-20,186.5013885498047,186.90936088764803,183.40681132576734,184.08343504231559,9895700
2024-09-23,187.73526000976562,188.8397612829821,186.471547789392,186.87952014778537,3972500
2024-09-24,188.72036743164062,188.8596732196007,186.07354227720728,187.73526674187093,3648900
2024-09-25,188.39199829101562,189.93432211425414,187.26759182667928,188.88952112540275,3214800
2024-09-26,183.947509765625,188.89025260942756,183.88772103538884,188.7407655781581,4781500
2024-09-27,184.73477172851562,185.54195001175097,182.49260307255992,183.52897656081385,4452800
2024-09-30,187.9236297607422,188.0531821482039,182.45273279571782,184.4358118703179,5628400
2024-10-01,185.6515655517578,187.56488095745954,184.27636392660253,186.83742605974774,3794000
2024-10-02,185.7910919189453,187.54496070737318,184.0870369393389,184.92412484819977,2879800
2024-10-03,183.2499542236328,186.06014626664006,183.06061310227963,185.85087049943928,3999500
2024-10-04,186.42884826660156,186.50857164203862,184.2165740166799,185.9305885743792,3978300
2024-10-07,185.31275939941406,186.5783281240517,184.15679321433174,185.29282475327685,2514200
2024-10-08,186.8175048828125,189.2191204372055,185.91066852242142,186.9669767199406,3627200
2024-10-09,188.62118530273438,188.7606974064297,185.85086266815665,185.98041505218762,2312600
2024-10-10,187.46522521972656,189.0895567123749,186.73777031315325,187.49511958536112,2300900
2024-10-11,190.49464416503906,191.1025215817751,188.40194743052382,188.75073528816927,2983900
2024-10-14,191.9595489501953,193.25501208705631,190.99292385500004,191.3118021760845,3132900
2024-10-15,189.90670776367188,193.65361520219597,189.09951428367248,193.17529015179866,3824300
2024-10-16,191.51109313964844,191.55096243127568,189.2589647444521,189.8369478276114,2912800
2024-10-17,191.94956970214844,194.1219899887,191.53103336195335,193.4144544956712,2633300
2024-10-18,191.93960571289062,192.76671865452803,190.47472095194814,192.42790570176464,3075900
2024-10-21,193.55397033691406,193.71341709977742,191.35167084687512,192.23857255749212,4728800
2024-10-22,176.0451202392578,184.35608835690329,175.13828393905814,183.8578286586414,15636200
2024-10-23,181.0576171875,184.336159412971,178.9948146741664,179.0745380530357,9788600
2024-10-24,179.11439514160156,181.57579917589757,179.0047774038349,181.2668654016979,4366800
2024-10-25,178.4766387939453,180.78855600084478,177.67942019630826,179.373500212737,3974900
2024-10-28,174.7496337890625,179.95146601147002,174.600161968864,179.35354831931892,5687400
2024-10-29,173.4442138671875,174.29124627898275,172.16867018357098,173.95243331426465,5219300
2024-10-30,174.0321502685547,175.91557135728763,171.90955904584564,172.3779243879991,3694000
2024-10-31,171.18209838867188,173.01569040395805,169.83679113940224,171.40133386937774,5177100
2024-11-01,171.10238647460938,174.6599682088117,170.99276872691374,172.15869465839648,3984900
2024-11-04,171.16217041015625,174.07200529705983,170.85325182231452,171.70029941309576,4197400
2024-11-05,174.64999389648438,174.85926967215886,171.17215073639795,171.7600935644318,3607300
2024-11-06,180.13084411621094,181.4263223978167,177.8787157106695,180.86827395790763,5939500
2024-11-07,178.22750854492188,180.3899539125464,176.15474627784548,180.3899539125464,5084200
2024-11-08,184.166748046875,185.77114489054642,178.82540344983965,179.02470428888319,4676500
2024-11-11,183.91763305664062,186.81750839691526,183.0606256943984,185.98043568189183,3371900
2024-11-12,182.00430297851562,185.05364991581845,179.96143516321843,184.42585303240156,3158000
2024-11-13,182.9210968017578,185.65156540449584,182.12387824859468,182.31321936560983,3934800
2024-11-14,177.779052734375,183.1602665529052,176.87223164762418,182.3630480013808,5085600
2024-11-15,176.3141632080078,177.30072284924634,175.27778976327218,176.1347970217892,5302100
2024-11-18,176.9021453857422,177.94849389885087,174.52046439586059,176.3839509896509,2835300
2024-11-19,176.94198608398438,177.26087959765434,175.08845935139686,175.88567792989207,3216000
2024-11-20,177.36053466796875,177.91858314975988,175.3874303342985,177.48012734669592,3225400
2024-11-21,178.07801818847656,180.31022717429704,176.72275116238552,177.78903424575466,4532000
2024-11-22,180.5194854736328,181.1074434832641,178.1577393320669,178.67593368410417,3405200
2024-11-25,179.582763671875,183.0606065669815,178.92505723350084,181.60569679131876,9740700
2024-11-26,183.95748901367188,184.2863270376976,179.79202997641926,180.24046066940647,3918900
2024-11-27,179.97142028808594,184.04718122400385,179.81197352536205,183.9973522099426,2726200
2024-11-29,181.52598571777344,182.33316403516883,180.49957190606324,180.81845022145203,2054700
2024-12-02,179.8119659423828,181.00778620102173,178.79551187998393,180.17071354054244,2817700
2024-12-03,180.0909881591797,181.60570191296816,179.2838098737196,180.37001237623554,2882300
2024-12-04,182.01426696777344,182.26339682412444,177.3804577219166,179.87175628542667,3713400
2024-12-05,172.3081817626953,180.14082524855127,172.1088809138153,179.70235425760725,7547300
2024-12-06,174.96888732910156,175.21801719227565,171.83981685586232,172.69682419340836,6899600
2024-12-09,170.7237091064453,175.7561198588351,170.17562040108902,174.39089316104878,6500800
2024-12-10,170.67388916015625,172.55731029809505,170.0161826787986,170.41478437349295,5100300
2024-12-11,168.0530242919922,172.56725577713888,167.345488855768,172.56725577713888,7606400
2024-12-12,164.2563018798828,168.69081036726496,163.8776196251131,168.05303853094125,7808600
2024-12-13,165.4321746826172,167.28570131392362,164.96380936355683,165.07342710218114,4957100
2024-12-16,165.21295166015625,168.6110866080039,164.87413869911336,165.74112095383833,7436000
2024-12-17,165.22293090820312,165.9304512156133,162.96082745725772,165.22293090820312,4855100
2024-12-18,159.39328002929688,166.0500377387542,159.04450735167535,165.42222563108376,8059100
2024-12-19,164.22640991210938,165.19303500395725,161.61551858922527,162.4625662117906,6257600
2024-12-20,167.78396606445312,168.49150152706397,162.59210851948794,163.39928679842532,9281500
2024-12-23,168.4317169189453,168.74063550677388,165.9703127308098,167.5348403159776,4127700
2024-12-24,170.8931121826172,170.8931121826172,168.26230165485606,168.650943600809,2235700
2024-12-26,171.55081176757812,172.06900612265272,169.5378534908246,170.42475516483015,3309700
2024-12-27,169.76414489746094,171.15156290811018,168.66618162409026,170.40295573911703,3188400
2024-12-30,167.78782653808594,168.91571765136007,165.70169631492382,166.88948879540484,4117500
2024-12-31,166.48023986816406,168.23698103817478,165.8414290510105,168.18707084939925,2806900
2025-01-02,168.2769012451172,170.38298329060012,166.90945039958063,167.60814735604268,4148000
2025-01-03,171.64065551757812,172.30940941629544,168.68614590564275,168.90573855661876,3975500
2025-01-06,172.12974548339844,173.35745702456194,170.86209969592335,172.82844248932673,4980300
2025-01-07,171.99000549316406,173.37742355391725,170.46284803170383,171.90017628494934,6496400
2025-01-08,172.5689239501953,173.25764498239408,170.39297975673722,171.6805773857314,4527700
2025-01-10,171.37115478515625,173.1378719604898,170.42292208815806,172.079827706201,5131200
2025-01-13,171.2513885498047,172.19962128023244,168.68615392797517,169.1952013355642,5610800
2025-01-14,176.53155517578125,177.56961709786546,172.07983110829124,172.7885192737988,6432700
2025-01-15,179.95516967773438,180.5440855407674,178.5477998191064,178.73744939953642,7397000
2025-01-16,179.4062042236328,182.54037221375663,178.2882738569695,181.34258859015654,6144700
2025-01-17,182.51043701171875,182.84980194548677,179.62580461378636,180.44427387937114,5899100
2025-01-21,187.15179443359375,188.96842182884615,184.16734166873,184.55661679193378,7508400
2025-01-22,188.01019287109375,188.8885634763654,186.26344283680683,187.73071408404397,7457800
2025-01-23,200.42709350585938,207.2643631009022,197.7321107738552,201.0259700960538,14403500
2025-01-24,196.38461303710938,202.62300608149025,195.15690155050171,202.12393463793975,7835700
2025-01-27,194.098876953125,196.26484523987088,192.38206992972653,193.97908944723414,7674800
2025-01-28,194.0689239501953,196.18499733356003,191.43382720546316,194.9373186621821,4858800
2025-01-29,198.73025512695312,199.56869149770802,194.56798588048403,194.56798588048403,5595800
2025-01-30,205.18824768066406,205.54756451116512,199.10954571366554,199.43893470541047,6282100
2025-01-31,203.19195556640625,205.4876720306095,202.6928841210661,205.45772896232523,5514300
2025-02-03,203.73094177246094,204.34978547801788,198.60048803069634,199.62857396819643,4678300
2025-02-04,201.8045196533203,204.1601374533332,200.05776961777335,202.5531268114119,5413800
2025-02-05,204.2000732421875,204.8987702156014,201.41524606396771,203.50137626877364,3239400
2025-02-06,205.6773223876953,205.71725663252525,203.68103659885162,204.61929335648045,3113200
2025-02-07,204.89877319335938,207.45401657923742,204.12022295017627,206.0965416266832,3954400
2025-02-10,204.83888244628906,206.2762106261109,203.02225509944438,205.7571720655193,3787500
2025-02-11,208.4322052001953,208.7615789504653,204.0603344766454,204.6192920570998,4110900
2025-02-12,209.25067138671875,211.02736448307354,205.7571713295456,206.31612890182106,4595200
2025-02-13,207.97305297851562,210.9075955092914,205.88693799564095,210.72792186942158,3763300
2025-02-14,207.8832244873047,208.77157105241932,204.58934989593575,208.27249960616498,4268500
2025-02-18,209.6898651123047,211.7959472691742,208.93128198094752,209.48024839905418,4396000
2025-02-19,210.1090850830078,211.38670680474382,208.49209842309708,208.65178971547488,2699100
2025-02-20,208.35235595703125,209.8894893329058,206.76529715924818,209.34050768778914,2969100
2025-02-21,199.45889282226562,208.73163344279024,198.07147483326264,207.97305033967515,5419500
2025-02-24,198.3409881591797,202.87255035626748,197.06335119781036,202.25370661391935,4299100
2025-02-25,198.89993286132812,199.70842614465167,194.47815205202767,198.61046290158797,4121400
2025-02-26,201.235595703125,204.22004853161027,199.61860903849302,201.38531104968263,3157400
2025-02-27,201.05592346191406,205.08842943584173,200.72654969718536,204.04037631125667,3480200
2025-02-28,206.59561157226562,206.9349917307722,200.65666440950048,201.5749540427113,6117400
2025-03-03,201.58494567871094,208.0928263850577,200.4370722117415,206.7054083708926,5376400
2025-03-04,198.40086364746094,202.6629227603461,192.90108665541806,197.63228936872278,6164200
2025-03-05,202.12393188476562,204.09027456400662,198.32100997358376,198.5006683801979,6221200
2025-03-06,195.6859130859375,199.84816703418824,194.91733881003293,198.63043151201015,5621400
2025-03-07,193.49000549316406,195.3864708936935,187.33145045351287,194.7077410384983,7681300
2025-03-10,192.1199951171875,192.2100067138672,187.91000366210938,189.1999969482422,6195000
2025-03-11,191.72000122070312,193.67999267578125,188.32000732421875,189.92999267578125,5356700
2025-03-12,195.0,197.25,192.42999267578125,194.9199981689453,4735000
2025-03-13,192.4199981689453,195.6199951171875,191.6699981689453,194.5500030517578,3837200
2025-03-14,197.11000061035156,197.6999969482422,193.60000610351562,195.3699951171875,3263200
2025-03-17,202.02999877929688,203.60000610351562,196.3300018310547,197.0,3733000
2025-03-18,200.7899932861328,201.97999572753906,199.52000427246094,201.8000030517578,3983100
2025-03-19,205.57000732421875,206.82000732421875,201.32000732421875,201.32000732421875,3564000
2025-03-20,203.92999267578125,206.1699981689453,203.11000061035156,205.0,3970800
2025-03-21,204.1300048828125,204.30999755859375,200.82000732421875,202.60000610351562,7976300
2025-03-24,210.22999572753906,210.8800048828125,205.60000610351562,206.9199981689453,4043900
2025-03-25,212.1300048828125,212.75999450683594,210.25,210.77000427246094,4315200
2025-03-26,207.3699951171875,214.2100067138672,206.69000244140625,212.2899932861328,4791100
2025-03-27,205.8800048828125,207.69000244140625,202.8000030517578,206.36000061035156,3301900
2025-03-28,199.8800048828125,206.86000061035156,199.58999633789062,205.60000610351562,5178400
2025-03-31,200.14999389648438,201.57000732421875,194.4499969482422,197.52999877929688,6923100
2025-04-01,203.7899932861328,204.5,198.47000122070312,199.55999755859375,3854000
2025-04-02,199.77000427246094,202.19000244140625,198.42999267578125,199.47999572753906,6026500
2025-04-03,187.6300048828125,194.14999389648438,186.72000122070312,189.83999633789062,12750500
2025-04-04,166.80999755859375,183.16000366210938,165.4199981689453,179.67999267578125,18167100
2025-04-07,167.6999969482422,175.33999633789062,159.36000061035156,163.2100067138672,18545500
2025-04-08,169.3699951171875,178.35000610351562,166.36000061035156,176.0,11903400
2025-04-09,187.27000427246094,189.11000061035156,165.6999969482422,165.80999755859375,12548600
2025-04-10,181.50999450683594,185.41000366210938,175.9600067138672,181.89999389648438,8150900
2025-04-11,181.6699981689453,184.25,175.0500030517578,179.00999450683594,6491100
2025-04-14,186.0,187.61000061035156,183.8300018310547,185.35000610351562,5319100
2025-04-15,185.6699981689453,188.44000244140625,182.2899932861328,183.8800048828125,4999300
2025-04-16,182.4499969482422,185.8800048828125,181.27999877929688,184.07000732421875,5128000
2025-04-17,181.7899932861328,184.24000549316406,181.58999633789062,183.38999938964844,4928200
2025-04-21,178.35000610351562,180.7899932861328,176.02000427246094,179.2899932861328,8501600
2025-04-22,189.17999267578125,190.0,182.10000610351562,186.5,13041000
2025-04-23,193.67999267578125,197.02999877929688,192.57000732421875,195.94000244140625,7235700
2025-04-24,197.41000366210938,197.6999969482422,194.0500030517578,194.3300018310547,5906300
2025-04-25,198.42999267578125,199.99000549316406,197.25999450683594,198.6999969482422,4390600
2025-04-28,200.86000061035156,201.47999572753906,198.60000610351562,199.5,3416900
2025-04-29,200.5,202.42999267578125,199.64999389648438,200.49000549316406,3444200
2025-04-30,201.5399932861328,202.02999877929688,196.86000061035156,198.60000610351562,4436300
2025-05-01,203.61000061035156,205.24000549316406,200.86000061035156,202.25,4687600
2025-05-02,207.6999969482422,208.72000122070312,205.55999755859375,206.32000732421875,3831700
2025-05-05,208.94000244140625,210.52000427246094,205.64999389648438,206.30999755859375,4466500
2025-05-06,208.60000610351562,209.8300018310547,205.9199981689453,206.02000427246094,3169600
2025-05-07,209.9199981689453,210.6300048828125,208.22000122070312,208.89999389648438,3968300
2025-05-08,214.49000549316406,216.8000030517578,210.50999450683594,211.0,5870300
2025-05-09,214.9600067138672,216.1199951171875,212.72999572753906,215.2100067138672,3778200
2025-05-12,218.9499969482422,219.97999572753906,211.14999389648438,219.33999633789062,5468000
2025-05-13,221.5800018310547,223.5500030517578,219.3000030517578,220.0,7188700
2025-05-14,223.24000549316406,223.35000610351562,220.4499969482422,222.94000244140625,4764700
2025-05-15,229.3800048828125,230.08999633789062,223.4499969482422,223.4499969482422,7207700
2025-05-16,231.77999877929688,232.32000732421875,227.58999633789062,229.07000732421875,4651700
2025-05-19,235.2899932861328,235.8699951171875,228.9199981689453,229.5,4734400
2025-05-20,235.25999450683594,236.0800018310547,233.8000030517578,234.16000366210938,4311000
2025-05-21,233.5399932861328,237.3000030517578,232.66000366210938,234.86000061035156,4631000
2025-05-22,230.27000427246094,232.4499969482422,229.4199981689453,231.19000244140625,6909400
2025-05-23,232.7899932861328,233.69000244140625,228.00999450683594,228.83999633789062,4234200
2025-05-27,241.77999877929688,242.27999877929688,235.10000610351562,235.4199981689453,7162400
2025-05-28,243.6699981689453,246.0,241.60000610351562,241.77999877929688,9570500
2025-05-29,244.16000366210938,244.94000244140625,241.49000549316406,244.52999877929688,5243700
2025-05-30,245.91000366210938,246.86000061035156,242.3000030517578,243.38999938964844,9143000
2025-06-02,247.47999572753906,248.10000610351562,244.50999450683594,245.85000610351562,5450800
2025-06-03,248.8699951171875,250.5,244.17999267578125,247.5,6456200
2025-06-04,250.8800048828125,253.05999755859375,249.72000122070312,249.97999572753906,5811500
2025-06-05,251.9199981689453,253.00999450683594,250.11000061035156,252.47999572753906,4188200
2025-06-06,255.6300048828125,257.4700012207031,252.07000732421875,253.0,5796700
2025-06-09,251.41000366210938,255.32000732421875,251.13999938964844,254.02000427246094,5771600
2025-06-10,242.0,251.25,239.75,250.77999877929688,11230900
2025-06-11,245.52000427246094,246.9600067138672,238.50999450683594,242.63999938964844,6940800
2025-06-12,239.99000549316406,243.42999267578125,238.67999267578125,240.0,8946600
2025-06-13,236.60000610351562,238.0,233.6999969482422,235.0,7420300
2025-06-16,236.5399932861328,239.94000244140625,236.07000732421875,237.60000610351562,4505600
2025-06-17,235.75,238.97000122070312,234.8800048828125,236.72999572753906,5720500
2025-06-18,235.88999938964844,239.52000427246094,232.24000549316406,235.9600067138672,7761100
2025-06-20,239.3699951171875,240.8000030517578,236.50999450683594,239.72000122070312,9142100
2025-06-23,247.80999755859375,248.4600067138672,238.6199951171875,239.24000549316406,8052000
2025-06-24,248.75,249.38999938964844,245.57000732421875,248.3800048828125,5255700
2025-06-25,249.89999389648438,250.99000549316406,248.47999572753906,250.0800018310547,5197400
2025-06-26,251.0,255.47999572753906,250.0,251.17999267578125,6790300
2025-06-27,254.50999450683594,260.54998779296875,251.77999877929688,251.85000610351562,26988000
2025-06-30,257.3900146484375,257.8900146484375,253.8699951171875,256.30999755859375,8135800
2025-07-01,249.02000427246094,255.75,247.11000061035156,255.75,7178300
2025-07-02,244.75,249.1300048828125,243.66000366210938,248.0,6228600
2025-07-03,246.8800048828125,248.6999969482422,245.0,245.5500030517578,3089500
